timestep,a_x,a_y,a_z,a_mag,g_x,g_y,g_z,g_mag
0,-3802,574,7110,8083.116973049445,86,9,-15,87.76103919165952
1,-3812,568,7176,8145.486111951821,117,34,-3,121.87698716328691
2,-3892,488,7150,8155.26259540427,177,63,15,188.47546259394085
3,-3942,544,7376,8380.971065455364,261,134,67,300.9418548490721
4,-4278,546,7300,8478.761702041165,378,239,104,459.1524801196221
5,-4252,418,7020,8217.945485338778,441,207,127,503.44711738175636
6,-3626,728,7076,7984.211670540804,455,92,163,491.9939024012391
7,-3718,894,7242,8189.586314338471,388,91,137,421.41903136901635
8,-4024,926,7148,8254.935251108878,321,136,129,371.7230151604821
9,-3976,988,7288,8360.601892208479,271,65,95,294.4333540888328
10,-4304,756,7208,8429.188335777057,245,68,78,265.9567634033773
11,-4032,928,6866,8016.2437587688155,329,-52,83,343.2695733676377
12,-3384,962,7104,7927.402853394042,237,-140,3,275.2780412601049
13,-3218,908,7248,7982.073164285078,106,-47,-80,140.87228258248675
14,-3236,1182,7080,7873.704337857754,-143,135,-231,303.37270806715617
15,-2762,1268,7122,7743.342430759471,-233,293,-340,505.7054478646636
16,-2668,1456,7192,7807.882171242084,-396,582,-619,937.3905269416797
17,-3124,540,7732,8356.721845317097,-523,784,-967,1350.286636236914
18,-4,764,8082,8118.031534799555,-459,1530,-1583,2248.8819444337223
19,-906,1864,10238,10445.667810149813,-476,1708,-1861,2570.4398456295376
20,856,3934,13048,13655.013584760727,-427,989,-1534,1874.4615226779126
21,1688,4568,15302,16058.243116854346,13,663,-1035,1229.2123494335713
22,1812,4694,13380,14294.802551976714,3,-23,-358,358.7506097555794
23,2798,3498,12182,12979.44266908252,-108,-485,-102,507.24057408689225
24,3288,2504,11202,11940.090619421611,121,-897,219,931.2416442578156
25,2938,1834,10654,11202.817324226973,351,-1083,303,1178.0912528323092
26,2676,1762,10700,11169.405534763251,551,-1370,258,1499.021347413038
27,2432,1798,10826,11240.538421267907,568,-1584,187,1693.1181293695959
28,2178,1890,10470,10859.865745026502,486,-1820,95,1886.1656873138159
29,1936,1866,9986,10341.675299486056,509,-1906,84,1974.5817278603588
30,1408,2364,9426,9819.390816135185,546,-1901,145,1983.1646426860282
31,1042,2554,9656,10042.261498288122,568,-1870,224,1967.1553065276773
32,-326,2754,10242,10610.813163938004,781,-1956,464,2156.662467796016
33,-1082,3172,10602,11119.11471296164,957,-2207,725,2512.4336807167665
34,-968,3646,10366,11031.060511120406,1034,-2512,1110,2934.5186998893023
35,-794,3700,9298,10038.587550049058,930,-2589,1310,3046.9527400338848
36,-860,3420,9088,9748.217478082852,837,-2581,1628,3164.255678670736
37,-1526,3446,9512,10231.40928709237,837,-2616,1893,3335.786863694981
38,-1860,3514,9918,10685.247774385021,760,-2804,2230,3662.3648097916193
39,-1646,3150,9650,10283.691749561536,633,-2901,2411,3824.8413038974572
40,-1250,2846,9236,9745.045510411945,426,-2917,2621,3944.617345193321
41,-870,2612,8770,9191.971714490855,237,-2841,2714,3936.1460846874074
42,-796,2336,8620,8966.32098466255,-48,-2645,2764,3825.9671979775258
43,-994,1898,8870,9125.093972118862,-104,-2513,2782,3750.40117854077
44,-1492,1612,9332,9587.013716481271,-53,-2411,2802,3696.881658912008
45,-1556,1582,9452,9708.973375182362,13,-2431,2802,3709.600248005168
46,-1358,1510,9348,9566.052895525927,-24,-2454,2700,3648.6561909831953
47,-1422,1340,9170,9375.851108032806,-65,-2461,2604,3583.512522651484
48,-1690,1118,9070,9293.595859515304,-52,-2500,2449,3500.043571157365
49,-2260,950,9356,9671.85793940337,21,-2588,2316,3473.0449176479133
50,-2430,922,9184,9544.676002882445,105,-2847,2118,3549.9799999436623
51,-1946,926,8410,8681.733237090391,125,-2990,1989,3593.30572036391
52,-1394,954,7674,7857.7113716399635,113,-2997,1759,3476.903651239131
53,-1598,1096,7530,7775.327645829467,61,-2923,1589,3327.547294930607
54,-1882,1114,7372,7689.558114742354,20,-2877,1371,3187.0315342023214
55,-1978,1114,7218,7566.571482514389,11,-2865,1207,3108.889673179156
56,-1872,1050,6904,7229.944674753741,78,-2820,1026,3001.859423757215
57,-2270,802,6972,7375.966919665517,214,-2795,941,2956.9075061624767
58,-2362,934,7158,7595.285643081503,414,-2846,798,2984.613207770816
59,-2602,904,7304,7806.153726387919,456,-2937,684,3049.8788500529
60,-3240,526,7606,8284.051665700788,599,-3228,546,3328.197860704799
61,-3338,-248,6636,7432.378085108427,752,-3534,479,3644.736067261936
62,-2862,-410,5562,6268.571448105222,879,-3688,388,3811.106007447182
63,-3462,-582,4724,5885.6048117419505,1045,-3638,127,3787.2414763254797
64,-3850,-418,4372,5840.514360910347,1024,-3536,-134,3683.724745417334
65,-4554,-136,3476,5730.6184657504455,853,-3306,-521,3453.792987427011
66,-4990,24,2368,5523.4137994541015,691,-2907,-833,3101.937942641664
67,-5900,286,1382,6066.442120386545,620,-2541,-973,2790.66479534895
68,-6726,652,1046,6838.003802280313,484,-2042,-938,2298.665699922457
69,-7068,1374,-338,7208.241394404046,259,-1583,-845,1813.0071704215625
70,-7338,1440,-932,7535.8123649676945,-34,-947,-770,1221.0098279702747
71,-8326,1234,-1476,8545.385187339421,-377,206,-562,707.3959287414651
72,-9426,1486,-1282,9628.146031298029,-621,1275,-167,1427.9898459022738
73,-10966,1844,-1272,11192.47407859406,-892,1983,142,2179.017439122505
74,-11664,1646,-716,11801.307893619249,-1288,2992,596,3311.5289520099323
75,-12752,1166,68,12805.377151806191,-1517,3566,822,3961.480657531979
76,-12162,1318,-190,12234.6829954846,-1946,4582,943,5066.644747759606
77,-10966,1620,476,11095.230146328646,-2264,5491,851,6000.081499446485
78,12538,28,16240,20516.818174366123,-1987,7631,-711,7917.43967454126
79,32767,8396,32767,47094.0059243212,-2465,5685,-179,6198.991127594877
80,18014,-808,-14616,23211.732292097462,-2448,8730,-959,9117.306894034004
81,-11800,-9408,2982,15383.198237037705,-2754,11789,-985,12146.409428304316
82,-7302,-11812,17206,22110.834086483486,-1687,12099,-169,12217.214535236746
83,-3676,-9102,5030,11029.971894796467,1743,12640,-190,12761.02460619836
84,-11142,1272,17306,20621.827853029907,3666,12372,-135,12904.424241321267
85,-12862,12502,27418,32763.97063849252,3308,11490,-153,11957.690956033277
86,-32768,20962,12424,40835.07125009089,-2559,8804,-1340,9265.770178457913
87,-9106,-16520,16056,24771.45074475857,-2922,1447,-874,3375.761988055437
88,-1228,-1430,7008,7257.061939931338,-1060,952,-857,1662.6343554732655
89,-8824,4738,6706,12053.300626799284,-1388,1142,-518,1870.5699666144546
90,-4706,-812,10198,11260.771909598383,-1430,852,-752,1826.5563227012735
91,-4902,3878,5884,8584.284711028637,-1224,448,-789,1523.614452543687
92,-4756,794,8074,9404.225007941908,-1273,-145,-649,1436.2294384951174
93,-4380,632,8156,9279.232726901508,-971,-110,-628,1161.6044937929605
94,-3210,24,6796,7516.002394890517,-745,-70,-452,874.2019217549228
95,-3060,-68,7594,8187.616258716574,-441,142,-308,556.3353305336631
96,-3982,42,7496,8488.115456330692,-260,323,-212,465.69625293747004
97,-3556,-180,7134,7973.173270411223,-71,327,-18,335.10296924975165
98,-3064,138,7470,8075.149534219165,61,438,54,445.5120649320285
99,-2294,420,7090,7463.707925689482,179,667,134,703.4813430361888
100,-4306,376,8918,9910.284355153488,577,1174,356,1355.7068267143895
101,-3596,1628,5218,6542.868178406165,209,683,208,743.9314484547618
102,-3684,946,6642,7653.949046080721,282,733,160,801.506706147865
103,-3838,1118,7092,8141.046124424059,264,802,56,846.1891041605298
104,-3454,1000,7302,8139.368525874719,155,720,-113,745.1134141860553
105,-3618,1004,7166,8090.086278897154,169,886,-232,931.3329157717984
106,-3976,584,7200,8245.582574930651,174,1021,-276,1071.864263794628
107,-4126,588,7002,8148.473722115081,165,1000,-241,1041.780207145442
108,-3954,440,7056,8100.299500635763,169,1031,-164,1057.5528355595288
109,-4302,512,7128,8341.326752981207,252,1099,-127,1134.6514883434472
110,-4456,896,7108,8436.967227623916,416,1245,-108,1317.0971869987422
111,-4262,892,6788,8064.567688351311,355,1230,-178,1292.5204060284696
112,-3578,74,6436,7364.078761121447,352,1261,-103,1313.2532124460995
113,-3688,958,7094,8052.573750050353,377,1399,-255,1471.1747007068875
114,-4394,-766,2194,4970.676815082629,181,2031,-484,2095.7046547641203
115,-3976,444,7042,8099.103407167981,282,1857,-389,1918.1485865281657
116,-4392,270,5692,7194.541542030319,240,1497,-227,1533.0159816518549
117,-4112,510,6984,8120.646525985479,327,1546,-97,1583.1784485647852
118,-4300,758,7002,8251.822101814847,337,1686,-42,1719.8630759452915
119,-4622,690,6226,7784.7324937983585,325,1791,-24,1820.4070973274083
120,-4674,928,6552,8101.614900746641,254,1679,-52,1698.8999381953015
121,-4460,686,7028,8351.944683724863,307,1807,13,1832.9394425348594
122,-5786,1120,5230,7879.409622554217,180,2276,117,2286.1025786259024
123,-5854,494,6008,8402.940913751565,233,1861,57,1876.395214233931
124,-4502,958,6280,7786.152323195329,87,1659,-36,1661.6696422574496
125,-4784,882,6346,7996.017508735207,52,1788,-94,1791.2241624096075
126,-5486,1098,5764,8032.776356901765,131,1719,-57,1724.9263752404045
127,-5062,1120,5506,7562.689997613283,83,1227,-313,1269.0102442454906
128,-4440,996,6716,8112.353049516521,220,2257,-245,2280.893246077072
129,-6188,1188,5366,8276.269932765605,571,2946,-476,3038.34379226578
130,-4628,418,7514,8834.778095685258,196,3203,-268,3220.162884079003
131,-4272,348,7856,8949.180074174394,431,4074,-126,4098.672102035
132,-5132,702,6856,8592.727390066555,195,4749,0,4753.001788343867
133,-6982,1262,6320,9501.756048226032,148,5273,21,5275.118387297104
134,-6660,1154,6120,9118.207937966758,103,6000,-219,6004.878849735438
135,-4804,518,7902,9262.19973872298,289,6586,-450,6607.678639280212
136,-5692,1718,7832,9833.1384613459,669,7650,-723,7713.156941227115
137,-4870,324,6032,7759.310536381438,475,8281,-957,8349.636818449051
138,-6718,1376,7728,10331.838364976487,55,9270,-895,9313.267418044004
139,-4034,-326,8702,9597.095185523587,140,11067,-736,11092.330007712537
140,-8948,2044,8518,12522.0191662527,476,12407,-494,12425.951110478423
141,-3146,1400,5166,6208.451658827666,771,15296,-847,15338.822184248698
142,-9072,798,6144,10985.750952938994,3188,16955,172,17252.969396599532
143,-14290,1746,7808,16377.34654942613,5038,16540,1110,17325.851898247314
144,-14848,1288,9802,17838.196433496298,6845,15820,1460,17299.075842367994
145,-18566,4030,15466,24497.64094765045,9136,14973,1672,17619.671080925433
146,-17280,2282,10612,20406.383021005957,10291,12988,891,16594.77948030645
147,-16670,5438,14408,22694.73965481869,9564,10222,694,14015.74172136459
148,-10284,13664,12014,20899.802582799675,8798,7216,-271,11381.955060533315
149,-3194,16138,31324,35381.20484098867,7978,3072,-1788,8733.991756350586
150,-15932,16718,32382,39773.28339476136,1963,-547,-3107,3715.646242580152
151,-5108,10160,24946,27415.69222179152,121,-3453,-2798,4445.970535215005
152,2508,5566,13722,15018.778379082634,-1678,-6588,-2495,7241.7161640042195
153,3028,5056,10832,12331.429114259223,-2159,-6834,-2408,7560.641573305799
154,312,3334,8108,8772.261054027063,-1486,-6961,-2400,7511.57220560383
155,382,3448,7992,8712.44466266501,-1140,-7229,-2138,7624.243241135478
156,-984,4140,8380,9398.524139459345,-1145,-7957,-1835,8245.732168825276
157,-2158,4462,7964,9380.389330939308,-1327,-8433,-1754,8715.098048788665
158,-3140,4394,7424,9180.556192301203,-1751,-8987,-1698,9312.10899850297
159,-3516,3896,7150,8869.248671674506,-1979,-9374,-1641,9720.143928975538
160,-3440,3634,6058,7857.411787605381,-1988,-9744,-1454,10050.46247692115
161,-3860,3948,6396,8449.563302325156,-1784,-10016,-1354,10263.343899529042
162,-3636,3010,5904,7558.955747985299,-943,-9668,-1149,9781.598744581584
163,-3996,2464,4238,6324.5518418303745,-356,-9602,-815,9643.099346164592
164,-5524,3340,6236,8975.403723510157,674,-9418,-256,9445.556415585057
165,-7102,4040,7062,10799.622585998086,1152,-9503,269,9576.34972210184
166,-7568,4610,7632,11695.048011872375,1405,-9844,1101,10004.527075279471
167,-8130,4528,7592,12009.91873411307,1343,-9982,1649,10206.036155138781
168,-8624,3922,7248,11928.493785889317,1352,-10149,2502,10539.929269212387
169,-8890,3486,7372,12063.60974169838,1362,-10188,3050,10721.60846142033
170,-9922,3396,7050,12636.510594305691,1527,-9964,3796,10771.380645024108
171,-9212,2230,8444,12693.89538321472,1397,-9865,4280,10843.810861500677
172,-10502,1622,8430,13564.209818489244,1486,-9879,4649,11018.894590656542
173,-10506,1830,9320,14162.885864116819,1378,-9946,4711,11091.227208925078
174,-10502,1646,9400,14190.183931154663,1043,-9868,4630,10949.98506848297
175,-10504,1226,9198,14015.71603593623,888,-9731,4485,10751.564072264091
176,-10306,1130,9120,13808.147449965909,829,-9358,4235,10305.077874523802
177,-10268,1054,9074,13743.369892424493,873,-9024,3975,9899.259063182457
178,-10418,1354,9326,14047.858057369458,957,-8478,3545,9239.012826054524
179,-11864,1806,10606,16015.722525068919,1018,-8232,3257,8911.239924948715
180,-13016,1840,11872,17712.883446802218,1284,-8204,2927,8804.635199711569
181,-13748,3042,13594,19571.870222336955,1405,-8460,2703,8991.764787848935
182,-14768,3336,13920,20566.699297651045,1547,-8992,2344,9420.382635540871
183,-14018,2966,12320,18896.66319750659,1699,-9395,2170,9790.889949335555
184,-13742,244,9380,16639.906850700816,2628,-9619,2375,10250.471696463534
185,-13236,-476,5046,14173.227861006115,3514,-9273,2497,10226.032172842017
186,-14832,-798,3570,15276.450111200571,4319,-8379,2499,9752.251176010595
187,-17910,-1668,636,17998.744956246253,4519,-7978,2409,9480.143775281049
188,-18480,-3130,-3564,19079.030268858,4522,-7646,2348,9188.193728911032
189,-18706,-4534,-10624,21985.016897878428,4214,-6195,2273,7829.581725737334
190,-18686,-4630,-13166,23322.672488374912,3436,-4506,1986,6004.525626558688
191,-18608,-2576,-13352,23047.111402516366,1047,-1406,1012,2024.151427141754
192,-17918,-2312,-11026,21165.366616243624,-1261,705,-5,1444.7044680487425
193,-19840,-2744,-6340,21008.349197402447,-4136,2949,-1232,5226.941840120282
194,-17966,-3356,-2844,18496.708572067626,-5103,3759,-1874,6609.2787806234965
195,-15208,-3082,-1992,15644.489509089135,-4935,4582,-1681,6940.800386122626
196,-13214,-1842,-940,13374.840559797341,-4528,5301,-1282,7088.505413696175
197,-12638,-532,1294,12715.207587766705,-4312,6570,-636,7884.33510196009
198,12232,-4220,10404,16603.416515886118,-4118,7615,-170,8658.813371357533
199,6560,4616,10276,13035.997545259053,-3756,8555,-794,9376.886316896456
200,15100,-4424,-7434,17402.47488146442,-4110,12915,-2521,13785.672489944043
201,-16948,-7804,13618,23099.503111538997,2618,15502,-193,15722.696238241071
202,-21746,-2410,32226,38951.40166925961,1599,13339,-252,13436.860719677048
203,-26626,18888,32767,46253.396729321394,-1096,10258,-842,10350.688093068982
204,-32768,12178,10060,36376.49114469399,-4672,6750,-1923,8431.370766370079
205,-246,-19316,18036,26428.50105473256,-2417,5230,-3032,6510.592369362407
206,-650,-10848,5808,12322.112968156069,-1579,2487,-1302,3220.80952556962
207,-10254,8788,8368,15887.003619310974,-2405,2494,-1021,3611.994186041833
208,-6588,360,7498,9987.559661899395,-2195,914,-1315,2717.102500826938
209,-5914,458,7048,9211.91966964541,-1838,293,-1150,2187.8283753530577
210,-5188,134,8082,9604.791720802696,-1027,-141,-652,1224.6281068144729
211,-4188,1366,7352,8570.717822913084,-942,-228,-629,1155.417240653782
212,-3494,732,7126,7970.17791520365,-791,-216,-590,1010.1668179068248
213,-3908,564,7640,8600.00930232055,-600,-156,-505,799.6005252624587
214,-3826,318,7504,8429.081563254682,-562,-177,-491,766.9771834937465
215,-3086,164,7460,8074.768851180819,-517,-40,-422,668.5603936818272
216,-4390,1098,7332,8616.027390857109,-645,68,-484,809.2620094876567
217,-2584,410,7410,7858.323994338742,-425,97,-274,514.8883374091902
218,-3210,662,7632,8306.007946059286,-405,523,-203,691.9270192729866
219,-3590,542,7534,8363.1943657911,-353,594,-142,705.4140628028335
220,-3638,708,7592,8448.359130624123,-328,667,-105,750.6650384825444
221,-3468,678,7190,8011.417352753507,-215,738,-109,776.3697572677595
222,-3698,1286,7232,8223.796203700576,-100,702,-178,731.0868621443009
223,-3736,1330,7166,8190.125273767185,-24,546,-353,650.615862087607
224,-3366,80,7586,8299.623605923343,56,424,-431,607.1844859678152
225,-3518,462,7042,7885.399926446344,90,428,-410,599.4864468859993
226,-3518,496,7258,8080.897474909579,150,468,-363,610.9770863133903
227,-3664,70,7316,8182.5211273787745,175,543,-350,669.3085984805514
228,-3884,148,7002,8008.4557812352305,168,549,-305,650.1153743759643
229,-3952,572,7262,8287.468370980367,212,600,-231,676.9822745094586
230,-3992,594,7598,8603.400722969958,217,560,-242,647.4974903426267
231,-3920,376,7158,8169.7454060698865,217,600,-264,690.4961983964863
232,-4362,502,6090,7507.805804627607,165,759,-295,830.8616009902009
233,-3528,522,7624,8416.926042208046,260,777,-279,865.5460704087334
234,-5434,-52,856,5501.2540388533225,-4,1821,-314,1847.877972161582
235,-3464,302,8508,9191.113316677149,489,652,-184,835.5124176216652
236,-3744,1286,6582,7680.758816679507,252,1569,-478,1659.4423762216031
237,-4274,1620,8740,9863.015563203779,374,1290,-211,1359.594424819402
238,-4564,-2252,1144,5216.352748808309,312,1973,-215,2009.0540062427392
239,-3320,4420,15988,16916.7060623515,561,506,26,755.9318752374451
240,-684,1380,12562,12656.069690073611,753,-195,225,809.7277320186087
241,-2678,394,11250,11571.059588473303,151,1485,-100,1496.0033422422555
242,-3552,1128,6884,7828.061318104247,15,1711,-48,1711.7388819560067
243,-3744,-900,11598,12220.521265478,-281,2261,-426,2317.8779087777684
244,-4124,-522,5668,7028.946151451155,113,2381,-348,2408.948733368977
245,-5526,1506,7144,9156.497583683404,116,2669,-316,2690.143676460423
246,-4946,114,7368,8874.8710413166,439,3166,-240,3205.288910535211
247,-4978,1470,6050,7971.441776742773,116,3838,-177,3843.829991037585
248,-4654,488,5928,7552.419744691101,-126,4358,-39,4359.995527520642
249,-5000,436,6054,7863.9056454156425,171,4660,93,4664.063678810571
250,-4650,708,9412,10521.85858106827,320,4698,212,4713.655481682979
251,-5120,232,8342,9790.66841436273,-67,6123,188,6126.251872066639
252,-3816,-706,8562,9400.432755995864,-406,6968,174,6981.9865367959555
253,-6618,1586,7510,10134.762947400395,-808,8250,18,8289.492626210606
254,-6196,1748,10392,12224.548417017293,-525,8974,-206,8991.703787380899
255,-3874,492,4494,5953.652324413981,-1015,9548,-496,9614.600615730225
256,-7876,2420,8046,11516.33153395646,-1365,11556,-779,11662.384061588778
257,-2408,1564,7198,7749.565407169616,-1286,12873,-745,12958.508787665349
258,-3968,436,7062,8112.149160364348,-851,15732,-1575,15833.529297032925
259,-5130,1196,5940,7939.201219266331,-40,16741,-1186,16783.005600904744
260,-10074,458,9812,14070.20198859988,2873,18154,-1147,18415.684999478028
261,-16314,3030,8198,18507.6929950764,3704,17641,-1327,18074.441236176568
262,-14964,2712,12012,19379.483584450853,5799,15862,-1271,16936.5547263899
263,-15682,1368,13572,20784.507018450062,7455,14225,-2512,16255.392766709758
264,-7034,8458,25124,27426.8170956821,6707,12445,-3050,14462.516171123198
265,-7378,10162,14302,19032.82249168525,3624,9628,-6610,12227.994929668559
266,-4116,8212,27268,28773.637656716266,2909,7162,-5588,9538.462611972644
267,-32768,9776,21436,40358.56905292853,1482,4383,-3737,5947.451723217265
268,-1702,11984,32767,34931.208811033146,1442,177,-3395,3692.792710131453
269,-3840,9494,21344,23673.78237629129,-963,-3446,-3221,4814.262768067401
270,170,4022,13994,14561.50472993777,-986,-5671,-2849,6422.556967439059
271,672,3994,11824,12498.423740616256,-343,-6408,-2031,6730.904396884566
272,1048,4100,8764,9732.214547573434,170,-6905,-1481,7064.0842293959095
273,338,4644,6248,7792.206619437141,151,-6893,-938,6958.167431155994
274,-770,5484,8442,10096.26267487133,213,-8062,-146,8066.134700090248
275,-1938,5876,8564,10565.288259200504,-243,-8541,293,8549.47828817642
276,-3334,5670,8732,10932.167214235244,-963,-9458,909,9550.257274021473
277,-4938,4718,9962,12078.278519722915,-1146,-10207,1323,10355.988315945511
278,-966,4192,8804,9798.797681348462,-1213,-10872,1844,11093.786053462542
279,-6122,2912,5118,8494.2658305471,-802,-10911,1962,11114.970490289212
280,-5344,2438,5986,8386.559246794837,-183,-11156,2400,11412.70454362155
281,-6290,2334,6376,9255.540610898966,335,-11201,2533,11488.721208211124
282,-7654,1762,5842,9788.632386600286,885,-11240,2685,11590.084123939741
283,-7372,1384,6672,10038.795943737476,1235,-11183,2699,11570.190793586768
284,-8780,1330,7100,11369.577828573932,1695,-10960,2826,11444.688768157916
285,-9450,950,8154,12517.696113902111,2032,-10890,2954,11465.044265069368
286,-10682,1050,8756,13851.90095257687,2378,-10994,3270,11713.915656175777
287,-11086,1328,9264,14508.090019020425,2457,-11088,3465,11873.78701173303
288,-11476,2108,9738,15197.726277308719,2271,-11121,3835,11980.872547523406
289,-11816,928,8784,14752.548796733396,1974,-11097,4076,11985.56886426339
290,-11604,680,9590,15069.283858232946,1708,-10889,4420,11875.351994783145
291,-11996,172,10160,15721.297656364119,1692,-10725,4620,11799.698682593553
292,-12250,-530,10260,15987.839128537666,2163,-10670,4635,11832.611461549814
293,-11938,-472,9936,15539.070885995727,2593,-10541,4525,11760.610315795691
294,-11824,-222,9686,15286.427182307842,3270,-10193,4066,11450.87354746353
295,-11774,286,9554,15165.348265041592,3580,-9869,3643,11112.380932995413
296,-12220,1022,10468,16123.024158017008,3749,-9382,2953,10526.021755630189
297,-14268,2212,13068,19474.12108414652,3611,-9245,2490,10232.76336089133
298,-15406,3404,13224,20586.5545441679,3193,-9510,1794,10190.867725566846
299,-16292,2914,12998,21044.444967734362,3003,-9798,1565,10366.679217570107
300,-16552,1866,10824,19864.78381458001,3281,-9925,1574,10571.095591280971
301,-16490,-372,6134,17597.853278170038,3845,-9754,1878,10651.35789465362
302,-17690,-1166,3278,18028.89181286526,4597,-9308,2303,10633.676786511804
303,-20874,-2076,-994,21000.516374603743,5325,-8400,2695,10304.302499441676
304,-21978,-3242,-5372,22856.10272990564,5377,-7358,2826,9541.413364905642
305,-22504,-5592,-11934,26079.12644242517,5263,-6230,2745,8605.062114825203
306,-21918,-5444,-14426,26798.233822399565,4718,-4597,2464,7033.009953071302
307,-20108,-2948,-14710,25087.974569502418,2466,-1434,1129,3067.9232389354197
308,-19706,-1378,-9738,22023.94070097357,-777,1348,-501,1634.5745623861883
309,-19074,-198,-3966,19482.962711045773,-2598,2462,-1199,3774.7382690724394
310,-17096,-84,-1280,17144.056462809494,-3504,3151,-1418,4921.132085201534
311,-15114,148,1838,15226.06791000224,-3087,3542,-876,4779.404670039983
312,-13236,2040,3694,13892.405551235539,-2281,3690,-115,4339.618185969821
313,-9536,4240,3880,11134.060175874749,-1756,4095,1189,4611.537921344679
314,9550,10760,7646,16292.372939507617,-1578,4616,2110,5315.039040308171
315,15666,27556,15212,35159.09037503672,-3272,5679,3095,7248.175632529886
316,25756,-8576,-9704,28828.57832082602,-6846,9846,-3387,12461.268033390503
317,-9072,-22342,15582,28710.013444789605,-5557,12971,-3739,14598.192045592496
318,-25528,-12544,27616,39644.34607860243,-3344,13023,-1337,13511.788704683033
319,-8092,-9074,17626,21412.46870400515,-2022,12773,-3345,13357.658402579396
320,-16466,2664,8898,18905.037847092506,-1713,12442,-2527,12811.06794923827
321,-14546,4816,12576,19822.60699302693,-1003,10315,-768,10392.067070607272
322,-27820,1180,19038,33731.14649696924,-2899,8720,-1515,9313.314447606715
323,-12652,-3770,8994,15974.29309860064,-2791,5348,-1077,6127.863738693935
324,-12350,-5448,6590,15021.028726422168,-1367,3581,-878,3932.319163038525
325,-6514,3826,8514,11382.384108788458,-1988,2651,-1348,3577.296325439088
326,-8576,-2280,9072,12690.443648667293,-2009,1188,-1446,2745.603940847988
327,-6054,2532,7776,10174.87670686972,-1582,249,-1096,1940.6032567219918
328,-5360,1830,6394,8541.764220581132,-1544,379,-790,1775.2963132953325
329,-3968,1206,7510,8579.018591890333,-863,24,-669,1092.20236220217
330,-3456,864,7916,8680.638686179722,-688,-2,-512,857.6083021986203
331,-4654,50,7582,8896.569001587073,-186,242,-321,442.9458206146662
332,-4168,670,7576,8672.767724319612,193,295,-64,358.28759398003166
333,-3728,-40,7454,8334.36860235975,543,500,174,758.3699624853294
334,-3750,560,7624,8514.779856226467,734,597,320,998.7817579431454
335,-2572,-594,7828,8261.089758621438,1007,584,769,1395.1580555621647
336,-4806,242,8310,9602.723571987271,1536,971,826,1996.0994464204432
337,-3178,1340,6102,7009.2573073043895,1460,1034,888,1997.3232086970802
338,-3788,1190,7562,8541.01211801037,1476,943,746,1903.7702067213888
339,-3982,2116,6124,7605.074358610835,1279,1043,558,1742.140637262101
340,-4260,1096,6960,8233.493547698936,1227,968,506,1642.738262779558
341,-4344,1658,6684,8142.1837365660085,1137,812,489,1480.2817299419726
342,-4064,1240,6690,7925.263150205172,1064,752,412,1366.5079582644225
343,-3826,1512,6432,7635.119121533075,834,640,386,1119.8892802415783
344,-4544,1608,6356,7976.987902711147,734,620,387,1035.8209304701272
345,-4242,1348,6592,7954.00100578319,698,565,313,950.9984227116257
346,-4298,1208,6014,7490.010947922573,665,736,257,1024.6804379903033
347,-4380,1736,6694,8185.825065318706,588,599,230,870.3131620284735
348,-3362,1804,9242,9998.601102154242,440,502,243,710.3893298748228
349,-3250,1328,7302,8102.177978790642,546,504,106,750.5784436019995
350,-4122,2510,5550,7354.827258338567,107,714,53,723.915740953324
351,-3586,1736,5774,7015.138487585259,-92,515,-244,577.2564421468157
352,-3594,2452,5510,7020.62960139616,-341,645,-408,835.9246377515142
353,-3934,1748,6114,7477.489953186163,-467,582,-652,990.9172518429581
354,-3344,2888,5084,6735.720896830569,-745,737,-714,1268.0654557237967
355,-4268,1948,6194,7770.210035771234,-980,764,-1049,1626.1909481976584
356,-3672,1664,6374,7541.9066554817555,-1130,714,-1251,1830.764048150389
357,-4568,1552,5228,7113.8816408484045,-1246,1067,-1279,2080.1072087755483
358,-4830,1226,8072,9486.261645137141,-1159,854,-1509,2085.588166441304
359,-4454,1226,8320,9516.490529601759,-1177,968,-1294,1999.1970888334147
360,-4230,542,7588,8704.275271382448,-1132,1303,-1336,2182.6884798339865
361,-4790,452,6620,8183.691343153162,-922,1564,-1280,2221.3914558222286
362,-4650,254,6862,8293.012721562653,-556,1650,-1013,2014.399414217548
363,-4450,688,7740,8954.520869370957,-323,1778,-750,1956.5564137024007
364,-3532,1346,8454,9260.499770530749,-190,2484,-705,2589.088835864849
365,-4684,898,6630,8167.200254677243,-66,2977,-530,3024.530542084176
366,-3886,1292,7040,8144.437365466076,-13,3641,-689,3705.6404304789207
367,-4732,624,7076,8535.278320008083,152,4403,-788,4475.539855704561
368,-5234,906,8006,9607.894046043597,468,5028,-810,5114.284700718175
369,-6696,1704,6488,9478.089258917116,871,5805,-683,5909.581626477461
370,-4046,-1280,7300,8443.844858830602,872,6663,-734,6759.7861652570045
371,-5762,-376,8396,10189.937978221456,1081,7922,-475,8009.511221042144
372,-4178,-1670,7096,8402.249698741403,811,8869,-703,8933.705334294387
373,50,-3392,8262,8931.338533501012,744,10241,-730,10293.90678994132
374,-3302,938,7072,7861.057944068343,1138,12020,-757,12097.458121440222
375,-4642,46,6138,7695.799113802283,1320,13273,-947,13372.05062808244
376,-6664,4938,12382,14903.243405379917,2248,15617,-930,15805.350138481592
377,-9252,1318,7514,11991.53134507849,3151,16841,-552,17142.13481454396
378,-17756,5828,14326,23547.30124663971,4901,17854,-300,18516.887346419757
379,-14696,-2458,14684,20919.704491220717,7253,16954,-447,18445.70231788424
380,-15042,2016,11062,18780.145473344983,7519,14232,-662,16109.73087919224
381,-16900,3006,12632,21312.284251107387,7556,12554,191,14653.754911284685
382,-4640,2922,15092,16057.277104166818,7827,9538,-197,12339.942544436743
383,-4852,8184,21118,23162.246954904876,7636,7010,-1603,10488.956335117427
384,-24268,8068,29274,38871.525876919215,2426,3391,-3565,5485.761752026787
385,-9526,11132,32767,35893.486721130896,1343,-465,-4351,4577.23442703124
386,-740,5792,22618,23359.55453342379,-1290,-4581,-4517,6561.474681807436
387,1926,4290,17534,18153.642389338842,-1766,-6457,-4001,7798.692582734621
388,3806,3698,13036,14074.733958409302,-1006,-7468,-3843,8458.82432729277
389,-284,4822,8438,9722.76627303156,-1106,-7238,-3718,8211.906234243057
390,-1860,5440,10472,11946.379535239956,-214,-8308,-3493,9014.971380986188
391,-3544,6306,10788,12988.707248991333,-236,-9206,-3079,9710.117043578826
392,-4414,6632,9032,12043.414964203466,-580,-10533,-2356,10808.84938372258
393,-3912,6146,7456,10424.442239275922,-887,-11091,-1948,11295.65199534759
394,-3598,3900,5322,7515.270321152791,-982,-11314,-1429,11446.089332169307
395,-3996,3372,4436,6856.857589304302,-734,-11052,-1208,11142.025130109876
396,-5778,4454,4684,8669.674503693897,-116,-10762,-734,10787.62513253033
397,-6378,4248,5664,9529.18065732831,340,-10786,-307,10795.72345885166
398,-7478,4108,5632,10223.285773174885,1181,-10625,322,10695.282604961872
399,-7784,3960,6420,10839.218422008109,1663,-10604,841,10766.506675797866
400,-8542,4068,7086,11820.566145494047,2321,-10466,1600,10839.01273179435
401,-8834,4120,7142,12083.961271040222,2588,-10350,2140,10881.169238643428
402,-9174,3980,7432,12459.4261505095,2652,-10219,2933,10957.351596074664
403,-10488,4442,8310,14099.13500892874,2640,-10088,3382,10962.448084255633
404,-10274,4158,8306,13850.403459827445,2167,-9976,4080,10993.764823753509
405,-9902,3788,8728,13732.317065957952,1919,-9869,4563,11040.864594767927
406,-9550,3256,8686,13313.550690931399,1695,-9635,4958,10967.589251973288
407,-9582,2666,9306,13620.716427559895,1588,-9242,5351,10796.736034561556
408,-10358,2444,9910,14541.98748452219,1618,-8976,5558,10680.723945501071
409,-11070,2220,10746,15586.847532455049,1911,-8753,5822,10684.690636607127
410,-11594,2066,11678,16585.079921423352,2246,-8560,5843,10604.657703103858
411,-13222,2506,12608,18440.796728991943,2510,-8571,5802,10650.13356723755
412,-14606,2742,13772,20261.33717206246,2491,-8852,5326,10626.818009169066
413,-16256,3400,12982,21079.607681358782,2230,-9214,4742,10599.870753929032
414,-15822,2972,11352,19698.638836224192,1843,-9554,3825,10454.960066877347
415,-15640,1148,8160,17678.040162868732,2065,-9460,3374,10253.76521088717
416,-15684,208,6582,17010.403992850963,2925,-8873,2935,9792.853465665665
417,-16618,-1252,4500,17261.96477808943,3696,-8407,2845,9614.160909824632
418,-17576,-3676,2716,18160.545366260343,4978,-7705,3114,9687.33735347335
419,-20718,-5410,-1896,21496.475059879005,5839,-7297,3428,9954.46201459426
420,-21908,-5058,-7114,23582.892613078657,5926,-6752,3439,9619.443902845944
421,-23424,-6322,-12886,27471.812026147818,4675,-5094,2950,7517.111213757583
422,-22980,-6154,-15296,28282.852260689688,3409,-3479,2405,5432.195412538102
423,-19896,-3828,-13988,24620.4903281799,520,-350,955,1142.3331387997114
424,-18440,-2818,-9980,21155.9713556244,-1701,1664,-333,2402.745512949717
425,-18652,-2290,-2810,19000.981658851208,-3627,3366,-1587,5196.50401712536
426,-17302,-1956,372,17416.185690328406,-3920,3782,-1785,5732.028349546084
427,-16620,-1106,4356,17216.921095248126,-2962,3871,-1230,5027.025462438001
428,-15872,-254,3410,16236.163339902689,-2118,3639,-505,4240.668579363401
429,-10192,1936,4596,11346.725342582327,-1446,4057,693,4362.386273589261
430,32767,7590,21230,39774.32952294734,-1425,4424,1517,4889.140006176956
431,9514,20210,-2522,22479.34118251689,-3932,7936,1158,8932.059337017416
432,21134,-16708,-11766,29397.992720592334,-7249,10532,-3089,13153.438561836218
433,-14054,-13200,20162,27897.33248896747,-1401,14761,-2287,15002.676127944642
434,-23192,-10400,23734,34775.445647755536,-1777,15155,-1427,15325.406454642563
435,-23392,3372,4652,24087.28195542204,-168,13855,-2010,14001.048139335857
436,-32768,28368,21040,48178.4894740381,-6045,12127,-1189,13602.201108644143
437,-19982,-20474,19294,34506.860709140135,-5634,5019,-1787,7754.075444564621
438,-4956,-17042,12608,21770.46999951999,-2301,3237,-1639,4296.404426959827
439,-14352,12802,3942,19631.87387897549,-1162,4026,-164,4193.5445627774125
440,-6372,3286,10424,12651.480387685862,-1571,1291,-603,2120.9269200045533
441,-5812,2198,8164,10259.699995613906,-1630,501,-882,1919.850254577164
442,-5124,1728,8170,9797.461916231165,-1296,532,-528,1497.1386041379071
443,-4320,1072,7330,8575.574849536328,-762,268,-414,907.6695433912057
444,-3568,2142,6492,7711.345667261972,-607,104,-332,699.634904789634
445,-3776,1296,7706,8678.722717082279,-435,162,-321,564.366901935257
446,-3312,482,7466,8181.85944636059,-255,387,-341,575.3911712913225
447,-3242,150,6290,7077.935009591428,-132,593,-196,638.3486508170907
448,-3478,602,7418,8214.962690116128,67,600,-135,618.6388283966662
449,-4536,714,7690,8956.628383493422,356,787,55,865.5229633002235
450,-4330,418,6118,7506.900025976102,540,901,225,1074.2560216261302
451,-3988,408,7196,8237.294701538849,632,1067,387,1299.1081556206163
452,-2876,708,7428,7996.738335096378,786,1078,487,1420.2285027417242
453,-4158,1422,7752,8910.923184496654,679,1112,534,1408.098363041446
454,-3678,1268,7106,8101.2803926293045,657,1057,326,1286.5356582699135
455,-4168,1164,6924,8165.102326364317,651,1151,219,1340.3592801931875
456,-4134,1156,6856,8088.944801394061,649,1144,212,1332.2465987946825
457,-4034,1194,6812,8006.380955213161,656,1127,148,1312.390566866434
458,-3482,892,6918,7796.070292140777,649,1168,42,1336.857883247131
459,-4196,1004,7000,8222.799523276728,660,1219,-5,1386.2128263726318
460,-4642,1090,6878,8369.17845430482,582,1204,42,1337.9476820862615
461,-4326,896,6608,7948.758141999289,544,1179,84,1301.166015541445
462,-3876,974,6012,7219.1547981740905,495,1175,-23,1275.2172363954307
463,-3972,1806,6182,7566.739324173921,389,1148,-44,1212.9142591296386
464,-4066,1634,6214,7603.690419789591,238,1205,-236,1250.7457775263526
465,-4034,1162,5954,7285.1572392090475,109,1206,-272,1241.0886350297467
466,-4580,1748,6346,8018.953797098472,-67,1169,-329,1216.2610739475306
467,-4194,1530,6260,7688.831900880653,-174,1117,-421,1206.3191949065556
468,-3696,1348,5754,6970.368426417645,-346,1161,-659,1379.1004314407273
469,-4622,904,5296,7087.151472912091,-490,1167,-776,1484.6430547441364
470,-4538,1032,6346,7869.5733048240945,-401,902,-752,1240.9306991125652
471,-5580,374,6542,8606.627678713656,-418,949,-942,1400.9600279808126
472,-4598,812,6914,8342.921790356182,-294,669,-884,1146.9319944966226
473,-3706,-162,5298,6467.571723606938,-323,1320,-819,1586.6600139916557
474,-4828,956,7200,8721.440248032432,-327,1384,-764,1614.3360864454464
475,-4996,676,6318,8082.9521834537645,-239,1333,-886,1618.334328870274
476,-4574,1146,6924,8377.145575910687,-149,1389,-869,1645.199987843423
477,-4626,852,6572,8081.891115326906,-155,1647,-817,1845.026558074436
478,-4384,746,6532,7902.088078476473,-145,2089,-648,2191.996806567017
479,-4760,1158,6588,8209.769058871267,-102,2249,-537,2314.4705658098137
480,-4192,1206,7332,8531.443254221409,-30,2693,-680,2777.6877074286085
481,-6342,970,6928,9442.406896549206,56,3217,-823,3321.077234874251
482,-4966,558,6548,8237.039759525262,532,4215,-998,4364.086731493772
483,-5290,852,9106,10565.473960026591,439,4172,-507,4225.55960790994
484,-5482,924,6964,8910.858320049758,537,5034,-323,5072.854620428226
485,-4542,484,7618,8882.451463419318,693,5925,-505,5986.726902072617
486,-5992,892,7792,9869.903342991764,325,7321,-294,7334.10539875178
487,-8178,2814,6466,10798.492302168854,457,8034,-722,8079.312408862525
488,-7050,1176,5288,8890.917837883779,560,9126,-344,9149.63452822024
489,-1222,-2290,9812,10149.51860927404,817,10466,-603,10515.144031348309
490,-4322,716,7300,8513.65608889624,917,12015,-446,12058.193479953788
491,-5396,1414,7338,9217.508123131762,1368,13759,-112,13827.293625290526
492,-9118,2990,8550,12852.257544882925,2112,15361,90,15505.771989810764
493,-11520,5582,9554,15973.354062312648,2896,16530,-149,16782.428817069358
494,-17172,2912,7484,18956.993010496153,3929,16571,-790,17048.72963009268
495,-17582,2232,16390,24140.021706701093,5707,15739,-884,16765.065642579513
496,-12862,-1068,12522,17982.551320655253,6931,14468,-1319,16096.631510971481
497,-17434,1014,14676,22811.346474945312,6905,10669,-756,12730.99061345974
498,-13794,8208,17874,24023.43805536585,6589,9004,-256,11160.307925859392
499,-3952,4476,18146,19103.14623301617,5993,6684,-1464,9095.88923635287
500,-32768,20228,26000,46464.11311969701,3358,3499,-2937,5669.667891508285
501,-10270,9788,32767,35706.499870471765,2565,76,-4531,5207.202895989362
502,-1954,7856,20212,21772.914274391478,-73,-4892,-4534,6670.393466655472
503,2604,3818,14830,15533.41044329931,-1186,-6601,-4266,7948.493756681199
504,2224,3842,8766,9825.980663526667,-953,-6831,-4343,8150.608504890908
505,1604,4474,7474,8857.209944446391,-630,-6847,-3929,7919.302368264518
506,-110,5312,7688,9345.308341622547,-648,-7209,-3523,8049.913912583165
507,-966,5668,7756,9654.787206355197,-988,-7845,-2908,8424.763082722267
508,-1526,5598,7004,9095.17982230148,-1245,-8210,-2441,8655.206872166604
509,-1626,5078,6234,8203.213760472172,-1378,-8512,-1972,8845.440181245931
510,-2476,4480,6030,7909.6065641724545,-1061,-8833,-1219,8979.619758096664
511,-3860,3804,5506,7725.674857253572,-563,-8989,-702,9033.930152486237
512,-5180,4212,5028,8357.87819963895,-106,-9505,18,9505.608081548493
513,-5110,5398,6560,9913.83397077034,8,-9834,319,9839.17582930603
514,-5426,5700,5898,9834.524899556664,-130,-10081,734,10108.521998788945
515,-5798,5540,5668,9820.113441299953,-224,-10200,1056,10256.964073252864
516,-7278,4920,6088,10688.284614473925,-83,-10166,1671,10302.7513800926
517,-7842,4620,6698,11300.644583385498,210,-10214,2181,10446.370518031608
518,-8308,4430,6928,11689.523001388894,708,-10329,2980,10773.574383648167
519,-8196,5070,7884,12451.376309468767,990,-10316,3468,10928.265187119134
520,-9570,4626,7870,13225.7958550705,1247,-10193,4307,11135.641292714128
521,-10078,4580,7522,13383.682901204736,1253,-10161,4817,11314.566673098889
522,-10544,4830,9180,14791.1201739422,981,-9957,5521,11427.407886305626
523,-11378,4590,10170,15935.993348392187,697,-9807,5952,11493.013616976184
524,-11806,4364,11096,16779.372693876252,173,-9715,6441,11657.514100356046
525,-13082,3668,12026,18144.35515525421,-58,-9756,6502,11724.28692927634
526,-13642,2802,12762,18889.785917262267,-117,-9855,6389,11745.383561212464
527,-15162,1970,13214,20208.338378006247,92,-9978,6147,11719.83604834129
528,-16026,1676,13144,20794.38356864661,789,-10211,5329,11544.92455583838
529,-16900,1486,12510,21078.85898240225,1441,-10358,4606,11427.155420313491
530,-17312,1886,11578,20912.016258601183,2147,-10456,3770,11320.355338945858
531,-17548,2738,9804,20286.63017851905,3148,-10336,2309,11048.723048388894
532,-17628,2460,8316,19645.707928196432,4276,-9971,1114,10906.237343832196
533,-18028,-356,5940,18984.70753000952,5532,-9652,793,11153.159955815212
534,-17484,-2118,3844,18026.43936000673,7972,-9103,1184,12158.093970684717
535,-17806,-5770,1376,18768.05562651603,9583,-8559,2147,13026.89444956088
536,-22248,-4748,-1852,22824.26147764698,10893,-8178,3692,14112.689219280639
537,-24818,-3112,-11550,27550.32065149152,9645,-7811,4188,13098.743832902452
538,-23178,-4506,-16592,28858.589431917837,7347,-6607,4270,10764.002879969888
539,-20418,-3440,-17002,26791.72125862764,2798,-3146,3196,5285.880815909492
540,-17974,-3178,-15060,23663.64215415708,-579,-655,1607,1829.4029080549753
541,-16154,-4080,-9540,19199.211337969067,-4569,2179,-1051,5169.95193401254
542,-15406,-4788,-5592,17074.54959874491,-5331,3869,-2873,7186.296055688215
543,-15448,-4238,-24,16018.799081079707,-4394,4515,-3124,7032.2000113762415
544,-15312,-3108,1952,15745.707732585413,-2838,4664,-3012,6235.3254927068565
545,-16128,-934,4470,16762.029710032137,-361,4347,-1958,4781.264895401634
546,31290,14506,29256,45226.11714485337,1083,3861,-1262,4203.909371049761
547,-2670,12206,60,12494.75634016126,-6027,7408,-493,9562.752846330392
548,18062,-9266,-4206,20731.257463067694,-8962,8736,-3522,13001.523910680626
549,-6316,-21264,16766,27805.544554998374,-3577,14030,-3477,14890.445191464223
550,-30610,-10056,26236,41550.24587171537,-1780,13286,-2700,13673.923943038442
551,-20696,32767,32767,50751.128007168474,-4861,10692,-1732,11872.152669166617
552,-23422,14846,4248,28054.220787610557,-7982,7430,-2271,11138.880778606079
553,-10014,-24132,10790,28267.609025172256,-5738,4301,-827,7218.529905735655
554,-5786,-7622,9730,13647.182126724916,-965,4368,-1847,4839.634077076489
555,-13212,6040,6902,16083.412200152055,-1914,2719,-405,3349.6838656804616
556,-6364,-714,9492,11450.255717668491,-1952,1679,-944,2742.3495400841957
557,-7360,696,7870,10797.727353475822,-1771,942,-1118,2296.4601019830498
558,-6668,-540,8496,10813.687622638265,-1128,478,-602,1365.0172160086481
559,-5570,2236,7370,9504.814359049838,-1070,488,-412,1246.1091444973829
560,-4432,1402,6816,8250.217209261826,-864,378,-385,1018.6289805419832
561,-3704,-146,6976,7899.7156910866115,-598,343,-421,807.7710071548743
562,-3996,808,7610,8633.248519531915,-429,175,-299,551.4227053722035
563,-3742,284,7432,8325.733841530127,-311,96,-256,414.09298472686066
564,-4150,270,7462,8542.64853543677,-138,212,-118,279.12721114216004
565,-3756,278,7368,8274.79570744801,78,269,10,280.25880896057487
566,-3934,242,7194,8202.960197392158,227,339,169,441.60049818812485
567,-4006,248,7042,8105.510718023879,463,434,344,721.845551347378
568,-3534,538,7486,8295.709493467091,653,397,504,915.4419697610547
569,-4060,782,6986,8117.839614084525,700,491,572,1028.7200785442074
570,-3360,1350,7106,7975.420741252465,701,566,519,1039.7682434081164
571,-3226,2052,8076,8935.298316228731,524,723,343,956.5322785980617
572,-3494,1560,7050,8021.479664002147,361,828,150,915.6445817018739
573,-4258,1208,6838,8145.432585197671,327,866,11,925.7461855173912
574,-4094,1208,6726,7966.126787843637,289,779,-34,831.5756129180318
575,-3844,1148,6898,7979.764658183849,181,733,-71,758.3475456543655
576,-4052,914,7190,8303.625714108266,123,760,-108,777.4271670066593
577,-4360,660,6922,8207.270191726357,245,693,-14,735.1666477745027
578,-4380,472,7032,8297.964087654273,327,641,75,723.488078685475
579,-4246,632,6864,8095.828308456153,394,553,210,710.7355344992959
580,-4052,1470,6520,7816.009467752709,376,516,225,676.9468221359784
581,-3912,1138,6596,7752.806201627898,320,512,114,614.4428370483295
582,-3932,1216,6640,7812.098309673272,252,562,28,616.5484571386098
583,-4044,1072,6520,7746.839355504928,192,562,-64,597.33072916099
584,-3896,1478,6476,7700.771130218064,116,552,-143,581.9011943620669
585,-3950,1224,6646,7827.515059072068,-40,609,-284,673.1545142090337
586,-4392,940,4498,6356.51382441665,-170,651,-333,750.7263149777021
587,-3506,816,6934,7812.697869494251,-380,592,-490,857.3004140906502
588,-5652,1988,6738,9016.534367482886,-363,589,-453,826.9818619534531
589,-5568,1820,7992,9908.939802017168,-427,413,-663,890.2061558987334
590,-4002,808,7358,8414.810277124494,-378,432,-433,719.0250343346886
591,-4258,388,8572,9579.159253295667,-404,616,-495,887.5229574495525
592,-3886,-596,6492,7589.616327588636,-300,546,-551,831.6952566896123
593,-4000,1092,5816,7142.710969932915,-377,953,-427,1110.2553760284165
594,-4492,1036,7768,9032.894552689077,-345,1114,-451,1250.3687456106695
595,-4154,360,6906,8067.103073594634,-304,1307,-564,1455.5964413256854
596,-3954,726,6774,7877.072298766846,-274,1406,-393,1485.3824423359797
597,-3576,1146,6124,7183.624990212114,-250,1734,-241,1768.4278328504104
598,-4152,856,6952,8142.61284846578,-216,1885,-404,1939.8703564929278
599,-4146,122,6262,7511.114697566533,-26,2098,-302,2119.7839512554106
600,-3752,1048,6596,7660.484579972732,-71,2799,-412,2830.0505295842336
601,-4900,1398,7090,8731.122722765956,120,3400,-638,3461.4222510407485
602,-4758,1502,7650,9133.29447680299,109,3864,-591,3910.454960743059
603,-3082,-182,5946,6699.758503110392,953,4890,-748,5037.838127609898
604,-6100,1080,6108,8699.658843885776,741,5578,-1193,5752.079102376811
605,-5154,124,6264,8112.7546493161,784,6216,-914,6331.564419635956
606,-5454,-360,7392,9193.33345419386,675,7273,-716,7339.264949570905
607,-7776,2890,7932,11477.582498069878,851,8307,-1207,8437.25660389679
608,-2668,-242,10290,10633.009357656,894,9326,-1097,9432.757868195282
609,-5588,1434,7842,9735.453969897859,877,11030,-1220,11131.865477088735
610,-7728,3690,9714,12949.898841303742,1265,12236,-1413,12382.103617721828
611,-6510,3902,10166,12686.73559273622,1944,14430,-1835,14675.532733090136
612,-8146,3346,8920,12534.729035763,2877,15658,-1821,16023.923801616133
613,-13132,2318,10050,16698.055216102264,4795,16199,-2136,17028.274193235204
614,-16026,1534,12408,20325.951293850918,6734,15901,-2049,17389.277098257997
615,-16650,2212,13526,21565.43808968415,6765,15184,-2544,16816.391319186172
616,-12622,2920,12670,18120.98739031624,7129,12465,-3480,14775.292416734092
617,-10206,188,11454,15342.486630269554,7600,11226,-3383,13972.392958974493
618,-4600,3750,16696,17719.450217204823,8542,7878,-3488,12132.386080239949
619,-4616,7990,32767,34041.501802946346,7981,4120,-4356,9982.259113046504
620,-28848,24818,18958,42515.24423074623,4190,1535,-4090,6053.13348605497
621,-2908,11872,25992,28722.550583121967,942,-1967,-3462,4091.686327176119
622,2762,6594,14906,16531.736629888586,-1127,-5090,-2405,5741.276338933703
623,3004,3780,11056,12064.309014609995,-1626,-5834,-1944,6360.704992373095
624,1346,1746,8304,8591.661538957409,-525,-6448,-1509,6642.997064578609
625,-100,2070,8146,8405.487255358847,324,-6960,-1208,7071.480750168243
626,-1452,2412,8998,9428.152098900398,1226,-8144,-818,8276.28757354407
627,-1924,3388,8206,9083.983487435456,1468,-8997,-551,9132.613755108665
628,-1714,3860,7238,8380.097851457345,1319,-9914,-197,10003.297756240188
629,-2244,3550,4946,6488.524639700461,1010,-10040,-4,10090.674704894614
630,-2568,3702,5950,7463.372428064943,667,-10228,158,10250.94322489399
631,-3250,1596,4348,5658.164013176006,517,-10380,330,10398.105067751529
632,-4138,2638,7094,8625.944817815609,997,-10400,668,10469.012990726487
633,-5822,1910,7146,9413.240674709215,1567,-10414,943,10573.369094096735
634,-6356,2314,7542,10130.898084572758,2611,-10679,1631,11113.888743369713
635,-6154,2832,6606,9462.091523548055,3238,-10616,2251,11324.8002631393
636,-6248,2866,6052,9158.502279303095,3840,-9987,3393,11224.892783452322
637,-8144,3696,6944,11322.733238931314,3911,-9452,4211,11062.040770129172
638,-9346,4368,8336,13263.334271592495,3395,-8818,5069,10722.77529373809
639,-10774,3986,10118,15308.206818566308,2823,-8611,5549,10625.914125382344
640,-11902,3344,9906,15841.994066404646,2215,-8392,5944,10519.649471346469
641,-10988,1440,10630,15355.997004427943,2135,-8080,6103,10348.489454988105
642,-12430,634,9868,15883.459320941392,2100,-7571,5632,9666.926347086752
643,-13658,1178,10158,17062.051810963418,1971,-7416,5195,9266.602505773084
644,-13898,1228,10048,17193.739907303472,1819,-7392,4514,8850.232821796271
645,-13510,1868,8508,16074.687804122355,1766,-7180,4114,8461.450939407496
646,-12862,2342,7704,15174.571624925691,1716,-6726,3573,7807.052004438039
647,-12644,4318,7222,15187.927574228157,1535,-6358,3302,7326.90882978627
648,-12914,5128,7700,15885.772880159153,1164,-6020,3252,6940.518712603547
649,-12950,4954,7834,15925.331142553992,1095,-5982,3429,6981.503419751365
650,-12660,4614,7378,15362.274571169466,1302,-6062,3774,7258.520785945301
651,-12244,3820,6846,14538.763771380289,1597,-6086,4022,7467.682973988653
652,-12048,2668,6542,13966.756674332093,2247,-6182,4335,7877.712739114064
653,-11778,2042,6114,13426.542518459473,2678,-6244,4512,8155.817800809433
654,-11640,1604,5438,12947.364982883582,3017,-6288,4577,8342.071805013431
655,-10792,844,3954,11524.483328982693,2964,-6235,4504,8242.968943287364
656,-10604,398,2660,10939.781533467658,2579,-5936,4175,7701.815500257066
657,-10250,-782,-278,10283.545497541203,2220,-5548,3821,7092.865781896624
658,-10486,-1692,-2602,10935.696777069124,1784,-4673,3223,5950.404524063889
659,-11476,-3128,-5390,13058.907304977703,1725,-3897,2889,5148.645938496839
660,-12064,-3546,-6404,14111.1809569575,1760,-3044,2641,4397.546702423978
661,-13146,-2304,-5250,14341.835029033069,1479,-1758,2222,3196.1365740531182
662,-12778,-1134,-3942,13420.23114555036,739,-1090,1857,2276.547825107129
663,-10888,-652,-2610,11215.42455727825,-909,-199,1383,1666.904616347318
664,-10192,-894,-2270,10479.933205894014,-2052,788,1178,2493.858857273202
665,-10210,-834,-678,10266.418070583333,-2381,1440,1145,3008.9509799928605
666,-10790,-174,680,10812.806111273798,-2637,2085,1014,3511.2946330377918
667,-11598,-194,2550,11876.604733677046,-2555,2266,998,3557.918633133703
668,-12792,-94,4356,13513.653688029748,-1985,2052,1357,3161.0722864243394
669,-10474,420,4386,11363.01333273881,-1613,1785,1756,2978.511373152703
670,-8706,80,2818,9151.063326193302,-1327,2124,2060,3242.8236153081157
671,31226,10184,7302,33646.636325196014,-3094,4031,3040,5921.4353834184485
672,17216,14948,13792,26646.812642415607,-5301,7558,353,9238.429195485562
673,21802,-13056,-9886,27267.550971805296,-8901,10621,-4325,14516.854583552182
674,-1920,-20254,5684,21123.89102414609,-3582,14656,-3243,15431.983313884188
675,-4456,-8980,13132,16521.07018325387,-2083,16292,-1600,16502.36810279058
676,-6262,-3382,6672,9755.31403902509,-1293,17303,-2904,17592.58008366027
677,-32768,26054,32767,53162.289538732235,-4290,15839,-2920,16667.465944167998
678,-32768,8824,16320,37655.63968385081,-5466,9811,-5234,12390.626820302514
679,-7298,-30218,10362,32768.267760136485,-2684,5765,-3949,7485.564908542307
680,-9820,4206,16858,19957.8305434233,-3658,1962,-1021,4274.675309307129
681,-32768,-268,-1946,32826.82689508689,-2832,809,445,2978.712809251674
682,-1546,1644,7050,7402.388263256663,-2143,544,-548,2277.8693992413173
683,-5390,-284,8060,9700.327623333142,-871,442,-573,1132.401872128442
684,-6240,2412,5822,8868.541480987727,-620,174,-514,823.9368907871526
685,-4486,328,7252,8533.65595744286,-486,-50,-537,725.9924242028976
686,-4804,1506,6940,8573.80032424362,-422,-147,-463,643.4764952972253
687,-4244,588,6876,8101.645265006362,-379,-295,-427,642.6468703728355
688,-3916,842,6974,8042.43097576846,-326,-251,-351,540.8123519299462
689,-4070,746,6708,7881.54045856519,-236,-133,-314,414.7059198998732
690,-3666,206,6780,7710.408030707585,-227,-4,-310,384.2460149435515
691,-3882,794,6892,7949.844275204388,-292,114,-325,451.53626653902336
692,-4284,188,7112,8304.730218375551,-286,221,-317,480.75565519294713
693,-4394,140,7082,8335.559969192233,-263,290,-221,449.5664578235347
694,-4502,1078,5882,7485.186170029441,-302,261,-195,444.2409256248236
695,-4676,428,3540,5880.45576464954,-237,632,-52,676.9763659094755
696,-3190,870,8546,9163.35724502761,-311,581,-69,662.6031995093292
697,-4078,1048,7292,8420.311870708827,-179,454,-121,502.7902147019172
698,-4152,826,6602,7842.689844689767,-169,348,-196,433.6830639995064
699,-4154,598,6770,7965.3135531503085,-115,210,-282,369.93107466121313
700,-3936,530,6964,8016.875451196682,-142,159,-316,381.1836827567518
701,-4404,478,6868,8172.706039005686,-126,96,-358,391.4792459377636
702,-4456,618,6882,8221.908780812397,-121,64,-352,377.6784346504312
703,-4360,462,6664,7976.963081273474,-53,126,-285,316.0854314896528
704,-4292,548,6830,8085.200554098828,-68,133,-275,312.95047531518463
705,-4104,582,6916,8063.038881215941,-78,171,-285,341.39420030223124
706,-4184,518,6914,8097.998271177885,-88,199,-303,373.0335105590382
707,-4154,440,6910,8074.491686787474,-100,207,-307,383.5335708904763
708,-4306,542,6852,8110.814015867951,-54,171,-272,325.79287898909024
709,-4546,296,6814,8196.604662907686,-64,145,-275,317.40510392871755
710,-4758,128,7896,9219.640123128449,186,87,150,254.2931379333701
711,-4324,454,6526,7841.6686999643125,-73,6,-197,210.1761166260334
712,-4180,462,6696,7907.101871102965,-63,14,-188,198.7687098111773
713,-4218,426,6970,8158.057366800014,-31,48,-205,212.814473192027
714,-4296,338,6934,8163.958353641939,1,112,-182,213.7030650224746
715,-4352,118,6770,8049.02031305674,4,169,-140,219.49259668608414
716,-4142,140,6900,8048.960429769797,-19,135,-90,163.3585014622747
717,-4228,424,6922,8122.1822190837365,-29,200,-47,207.4849392124643
718,-4236,386,6874,8083.59870354782,-4,259,-34,261.2527511816861
719,-4380,420,6786,8087.681744480306,14,317,-44,320.34512638715137
720,-4426,452,6832,8152.913834942696,18,322,-51,326.51033674295826
721,-4428,382,6734,8068.448673691864,17,282,-79,293.34962075993894
722,-4408,352,6678,8009.372759461255,3,219,-71,230.2411778983073
723,-4500,268,6814,8170.215419436626,3,180,-54,187.94946129212502
724,-4422,440,6756,8086.483784686642,-27,177,-32,181.8845787855584
725,-4574,612,6726,8156.904805132888,-14,141,-49,149.9266487319716
726,-4570,368,6536,7983.709664059685,-34,71,-53,94.89994731294638
727,-4382,270,6754,8055.516122508849,-28,-30,-65,76.87002016391045
728,-4528,226,6690,8081.457789285297,-50,-76,-44,101.05444077327823
729,-4316,386,6834,8091.996539791648,-66,-108,-23,128.64291663360248
730,-4390,496,6718,8040.499984453702,-62,-91,-40,117.15374513859982
731,-4430,298,6824,8141.294737325263,-40,-99,-35,112.36547512470189
732,-4316,434,6596,7894.518858043219,-51,-157,-24,166.8112706024386
733,-4460,764,6708,8091.511601672459,-16,-61,-56,84.33860326090301
734,-4242,316,6872,8082.004949268467,15,-8,-81,82.76472678623425
735,-4372,236,6820,8104.472839117915,23,63,-51,84.25556361451747
736,-4340,296,6836,8102.722505429888,11,79,-36,87.50999942863675
737,-4368,356,6760,8056.286985950786,-12,58,-20,62.513998432351144
738,-4062,342,6884,8000.391490420953,3,7,-12,14.212670403551895
739,-4228,392,6822,8035.504464562259,3,64,-12,65.18435395092905
740,-4290,328,6808,8053.604658784785,16,67,-11,69.75672010638115
741,-4214,498,6882,8085.03085955768,13,80,-28,85.74963556773871
742,-4298,442,6750,8014.403783189366,28,105,-41,116.14645926587689
743,-4134,382,6812,7977.419632938962,35,94,-50,112.07586716149021
744,-4174,418,6982,8145.263899960516,70,145,-48,168.01488029338353
745,-4238,280,6860,8068.373070204426,66,210,-70,230.98917723564446
746,-4330,242,6832,8092.199206643396,64,300,-35,308.74099177141994
747,-4382,308,6766,8066.941427827524,61,343,-24,349.20767460065935
748,-4444,288,6660,8011.721413029786,47,340,-18,343.70481521212355
749,-4424,294,6760,8084.294155954494,38,326,0,328.20725159569525
750,-4378,462,6782,8085.533501260135,37,321,11,323.31254228687135
751,-4446,540,6804,8145.730906431909,47,332,-23,336.0981999356736
752,-4432,452,6718,8060.9212872971275,42,346,-47,351.6944696750292
753,-4454,444,6748,8097.57716851158,27,325,-77,335.086555982182
754,-4454,578,6656,8029.603726212147,32,309,-90,323.4269623887285
755,-4328,482,6732,8017.7136391866725,41,360,-130,384.9428529015703
756,-4432,398,6748,8083.101632418091,38,400,-133,423.2410660604663
757,-4424,252,6694,8027.759089559178,51,466,-133,487.28431125986396
758,-4540,182,6696,8092.041769541232,48,497,-113,511.9394495445726
759,-4532,178,6630,8032.907817222852,52,542,-88,551.5541677840899
760,-4584,172,6670,8095.155341313717,54,561,-65,567.3288288109462
761,-4624,214,6610,8069.651293581403,51,564,-29,567.0432082302017
762,-4676,312,6564,8065.259822225196,42,545,6,546.6488818245218
763,-4720,400,6466,8015.457316959526,46,504,4,506.1106598363642
764,-4754,394,6460,8030.401733412843,30,425,2,426.06220203158136
765,-4712,382,6432,7982.44899764477,28,308,-18,309.7934795956816
766,-4788,532,6536,8119.560579243191,47,269,-21,273.8813611766964
767,-4682,446,6500,8023.0941662179175,49,229,-46,238.65875219652008
768,-4744,312,6134,7760.723935303975,41,178,-54,190.4757202375148
769,-4604,434,6552,8019.593256518687,39,91,-76,124.8118584109699
770,-4784,264,6488,8065.388769303066,69,65,-56,110.09995458672995
771,-4756,224,6356,7941.564581365564,48,26,-50,74.02702209328699
772,-4714,290,6432,7979.75688852737,31,-62,-28,74.75961476626267
773,-4744,416,6494,8052.988761944226,15,-93,-37,101.20770721639731
774,-4692,316,6512,8032.488032982059,15,-127,-40,133.99253710561644
775,-4706,418,6510,8043.709343331596,22,-154,-38,160.13744096868788
776,-4724,314,6478,8023.6684876682175,20,-185,-43,190.98167451355118
777,-4590,362,6606,8052.2282630337795,6,-206,-26,207.72096668367402
778,-4598,432,6664,8107.843363065174,21,-206,-11,207.35959104897947
779,-4578,396,6670,8099.6172749087345,39,-187,-23,192.4032224262369
780,-4580,376,6654,8086.6242647967765,41,-160,-32,168.24089871371942
781,-4562,368,6616,8044.794838900492,36,-145,-42,155.1934276958918
782,-4572,384,6664,8090.706767643975,35,-116,-42,128.2380598730346
783,-4520,358,6702,8091.685114980686,40,-96,-35,109.73149046650192
784,-4518,374,6722,8107.865563759677,31,-31,-36,56.72741841473134
785,-4560,400,6640,8064.936453562421,38,-15,-24,47.38143096192854
786,-4564,374,6596,8029.768863423155,53,39,-30,72.31873892705819
787,-4546,356,6578,8003.932533448791,66,61,-17,91.46584061823299
788,-4500,450,6556,7964.523589016483,60,116,-42,137.18600511714013
789,-4550,466,6592,8023.348428181342,53,155,-51,171.56631370988887
790,-4584,310,6600,8041.713499000073,72,190,-50,209.24626639440902
791,-4624,364,6578,8048.848116345594,50,194,-55,207.75225630543704
792,-4666,326,6466,7980.412771279441,59,187,-47,201.64076968708488
793,-4706,286,6494,8024.97775697852,42,150,-26,157.92403236999743
794,-4784,422,6466,8054.4333133995215,38,104,-27,113.96929411029971
795,-4740,440,6596,8134.397088905852,41,84,-29,97.86725703727473
796,-4720,342,6510,8048.3205701562365,37,37,-32,61.335144900782616
797,-4624,370,6706,8154.061074090628,41,9,-23,47.86439177509728
798,-4648,464,6550,8044.97980109335,29,-16,-49,59.143892330484974
799,-4688,382,6456,7987.690780194236,35,-42,-43,69.55573304911681
800,-4614,388,6564,8032.785071194175,30,-76,-44,92.80086206496144
801,-4694,472,6552,8073.73048844213,29,-93,-31,102.230132544177
802,-4520,414,6882,8244.011159623693,27,-72,-28,81.83520025025906
803,-4680,510,6238,7815.058796963718,20,-149,-48,157.8131806916013
804,-4548,400,6554,7987.441392586239,15,-105,-56,119.94165248152952
805,-4630,412,6628,8095.494302388211,33,-96,-67,121.63058825805292
806,-4604,400,6584,8043.996021878678,28,-96,-66,119.81652640600129
807,-4538,366,6572,7994.909880667824,31,-95,-63,118.13128290169372
808,-4540,318,6664,8069.79677563196,25,-73,-74,106.91117808723276
809,-4670,350,6480,7995.111006108671,22,27,-59,68.51277253184257
810,-4550,312,6542,7974.810844151729,33,20,-52,64.75337829024829
811,-4612,340,6538,8008.2200269473105,39,61,-40,82.71638289964086
812,-4578,404,6590,8034.264123116691,51,80,-28,98.91915891272023
813,-4558,408,6708,8120.288911116402,53,111,-30,126.60963628413124
814,-4578,448,6662,8095.741596666731,58,131,-35,147.4788120375263
815,-4652,362,6512,8011.135500039929,47,171,-37,181.1601501434573
816,-4680,416,6556,8065.766671557019,53,170,-51,185.2295872694209
817,-4670,392,6526,8034.378631854489,36,183,-35,189.76301009416986
818,-4692,376,6492,8018.871741086772,50,176,-45,188.41709051994198
819,-4700,388,6556,8075.994056461409,40,142,-34,151.3935269422045
820,-4676,486,6496,8018.677447060705,35,123,-53,138.43048797140028
821,-4668,392,6530,8036.4661387950855,41,120,-58,139.44532978913278
822,-4682,418,6606,8107.717557981407,37,95,-68,122.54794979925205
823,-4652,430,6584,8073.107208504047,31,91,-80,125.067981514055
824,-4654,370,6528,8025.671311485414,40,81,-77,118.70130580579136
825,-4642,356,6560,8044.159371867268,47,80,-70,116.2282237668631
826,-4634,316,6584,8057.472804794316,32,79,-48,97.82126558167194
827,-4704,428,6524,8054.401032975698,28,89,-54,107.80074211247343
828,-5018,474,6218,8004.28160424157,51,103,-75,137.24066452768292
829,-4688,364,6594,8098.807072649651,25,125,-64,142.63940549511554
830,-4696,350,6566,8080.05396021586,34,100,-52,117.72850122209151
831,-4738,394,6552,8095.219824069018,33,90,-40,103.87011119662864
832,-4710,372,6466,8008.223273610694,36,66,-38,84.23775875461075
833,-4662,424,6598,8089.970580910663,34,60,-55,88.20997676000147
834,-4674,452,6548,8057.722010593317,31,60,-58,89.02246907382427
835,-4648,424,6600,8083.543777329346,36,85,-73,117.68602295939822
836,-4666,406,6570,8068.537166054328,50,118,-68,145.0792886665771
837,-4724,348,6458,8008.935260070468,46,140,-59,158.7356292708099
838,-4738,318,6494,8044.986264748995,59,140,-46,158.7356292708099
839,-4680,404,6496,8016.460066637892,49,129,-39,143.3980474065111
840,-4642,412,6608,8086.010883000345,58,141,-25,154.4991909363929
841,-4704,438,6460,8003.190613748994,42,172,-36,180.6765064971094
842,-4680,388,6538,8049.744592221546,47,177,-38,187.03475612837312
843,-4796,368,6592,8160.361756687016,61,204,-60,221.2170879475634
844,-4740,362,6492,8046.409634116324,55,189,-37,200.28729365588825
845,-4698,412,6482,8016.063373002986,56,196,-39,207.5403575211337
846,-4742,358,6542,8087.798958925721,52,195,-14,202.2992832414391
847,-4740,450,6556,8102.545032272267,51,208,-30,216.25216761919404
848,-4796,446,6484,8077.300786772768,60,206,-37,217.72689314827414
849,-4834,358,6430,8052.367353766221,59,190,-41,203.13049992554048
850,-4860,374,6450,8084.675380001352,45,167,-49,179.7637338286007
851,-4792,334,6418,8016.579320383476,52,130,-31,143.40502083260543
852,-4768,422,6440,8024.058075562513,50,130,-33,143.13979181206042
853,-4738,376,6418,7986.284743233238,48,116,-24,127.81236246936365
854,-4802,384,6454,8053.618813924582,58,114,-34,132.34802605252563
855,-4820,388,6346,7978.38705503813,53,104,-35,121.86057606953942
856,-4812,362,6418,8029.764131031497,54,80,-28,100.49875621120891
857,-4842,386,6480,8098.417129291378,40,57,-32,76.63550091178371
858,-4804,396,6450,8052.188025623843,45,28,-31,61.40032573203501
859,-4822,452,6494,8101.1125161918335,36,34,-44,66.24198064671678
860,-4796,374,6476,8067.221826626563,31,31,-41,60.02499479383568
861,-4798,438,6474,8070.026270093548,29,34,-55,70.8660708661063
862,-4840,442,6392,8029.858529264386,35,11,-57,67.78642932032929
863,-4800,378,6458,8055.349030302785,33,-5,-43,54.433445601027316
864,-4812,418,6408,8024.495747397465,36,-15,-43,58.05170109479997
865,-4838,384,6452,8073.537266898568,36,-16,-34,52.038447325030745
866,-4816,368,6450,8058.0258128154455,48,-14,-30,58.309518948453004
867,-4768,456,6410,8001.866032370201,26,-13,-57,63.98437309218557
868,-4810,448,6394,8013.740699573452,43,3,-66,78.82892870006545
869,-4792,336,6430,8026.273107738111,43,27,-60,78.60025445251432
870,-4822,350,6466,8073.6200059205175,52,43,-54,86.42337646724987
871,-4786,324,6478,8060.723044491729,46,50,-31,74.67931440499437
872,-4820,388,6418,8035.774262633316,45,66,-41,89.78864070694021
873,-4876,448,6362,8028.14573858746,52,55,-33,82.57118141337206
874,-4728,398,6410,7974.991410653682,42,61,-24,77.85242449660768
875,-4812,420,6532,8123.9625799236655,38,69,-20,81.27115109311545
876,-4818,376,6442,8053.1896786304505,46,76,-29,93.45052166788584
877,-4814,378,6426,8038.094052696822,42,70,-15,83.0
878,-4816,446,6454,8065.165094404454,38,73,-18,84.24369412602941
879,-4746,454,6488,8051.383483600815,43,73,-31,90.21640649017228
880,-4836,394,6392,8024.948348743436,40,84,-35,99.40321926376429
881,-4828,402,6464,8078.0247585656725,49,86,-37,105.66929544574431
882,-4884,368,6368,8033.698027683142,55,80,-38,104.25449630591478
883,-4864,382,6376,8028.561265880706,51,68,-20,87.32124598286491
884,-4840,396,6364,8005.180322766002,57,52,-15,78.60025445251432
885,-4810,424,6444,8052.391694397385,57,29,1,63.96092557178953
886,-4858,458,6418,8062.2981835206265,56,23,-14,62.13694553162394
887,-4834,450,6406,8037.841252475692,48,20,-28,59.0592922409336
888,-4828,470,6280,7935.293567348343,44,3,-46,63.72597586541927
889,-4768,432,6714,8246.104777408544,51,-6,-30,59.47268280479702
890,-4848,502,6398,8042.979050078397,43,-11,-34,55.91064299397746
891,-4812,456,6438,8050.53563435378,55,1,-39,67.43144666993287
892,-4790,418,6448,8043.353032162644,41,8,-40,57.835974963685025
893,-4848,442,6454,8084.094507117046,39,10,-40,56.75385449465085
894,-4862,406,6438,8077.853922917893,48,29,-39,68.30812543175226
895,-4922,404,6410,8091.810674997284,47,17,-43,65.93178292750773
896,-4850,446,6416,8055.213963638706,47,-3,-31,56.382621436041795
897,-4822,430,6516,8117.563673911034,57,-11,-26,63.608175575157006
898,-4838,456,6362,8005.574557769105,28,0,-34,44.04543109109048
899,-4834,438,6454,8075.4885920295865,41,-15,-43,61.27805479941412
900,-4844,420,6410,8045.423295265452,40,-7,-41,57.70615218501403
901,-4886,436,6402,8065.277180605759,43,-7,-28,51.78802950489621
902,-4842,400,6348,7993.876906733053,40,-29,-39,62.94441992742486
903,-4840,500,6456,8084.2770858005615,32,-37,-36,60.737138556240865
904,-4856,436,6408,8051.912567831322,30,-49,-43,71.76350047203663
905,-4840,466,6466,8090.235596075061,30,-52,-49,77.4919350642375
906,-4850,466,6432,8069.094125117143,27,-48,-56,78.54298186343577
907,-4818,404,6460,8068.949126125409,31,-59,-55,86.41180474911978
908,-4778,456,6396,7996.626538734942,24,-88,-57,107.5592859775482
909,-4786,426,6410,8010.953251642403,32,-76,-46,94.42457307290302
910,-4830,418,6448,8067.237941203916,29,-80,-45,96.26006440887105
911,-4764,398,6512,8078.381273497804,37,-81,-47,100.69260151570222
912,-4790,448,6446,8043.364967474745,42,-57,-41,81.81686867633104
913,-4770,434,6466,8046.764070109177,35,-33,-54,72.31873892705819
914,-4768,400,6452,8032.566713074968,28,-25,-57,68.24954212300622
915,-4798,396,6476,8069.460700691217,32,-14,-48,59.363288318623326
916,-4830,384,6458,8073.544450859238,33,-12,-37,51.0098029794274
917,-4782,388,6406,8003.430764365991,29,-23,-42,55.982140009113614
